date,city,us_aqi,pm2_5,pm10,no2,o3,fetched_at_utc
2026-09-23,Delhi,179,99.7,111.3,60.2,73.0,2026-09-23T16:30:40Z
2026-09-23,Mumbai,89,34.7,46.7,16.0,78.0,2026-09-23T16:30:40Z
2026-09-23,Bengaluru,55,16.6,22.8,14.5,64.0,2026-09-23T16:30:40Z
2026-09-23,Kolkata,33,8.4,9.2,9.2,45.0,2026-09-23T16:30:40Z
2026-09-23,Chennai,64,14.5,16.0,24.7,50.0,2026-09-23T16:30:40Z
2026-09-23,Hyderabad,75,20.0,20.6,7.7,97.0,2026-09-23T17:20:07Z
2026-09-23,Pune,99,30.0,30.9,17.0,98.0,2026-09-23T17:20:07Z
2026-09-23,Ahmedabad,98,36.6,44.5,46.4,37.0,2026-09-23T17:20:07Z
2026-09-24,Delhi,159,32.1,52.3,20.1,116.0,2026-09-24T04:13:17Z
2026-09-24,Mumbai,103,33.6,53.7,9.5,88.0,2026-09-24T04:13:17Z
2026-09-24,Bengaluru,55,6.1,8.3,6.0,67.0,2026-09-24T04:13:17Z
2026-09-24,Kolkata,31,6.1,7.0,5.3,64.0,2026-09-24T04:13:17Z
2026-09-24,Chennai,57,12.8,15.5,10.3,74.0,2026-09-24T04:13:17Z
2026-09-24,Hyderabad,80,20.7,21.1,8.5,98.0,2026-09-24T04:13:17Z
2026-09-24,Pune,89,30.2,34.5,8.5,102.0,2026-09-24T04:13:17Z
2026-09-24,Ahmedabad,78,20.5,34.1,9.0,69.0,2026-09-24T04:13:17Z
2026-09-25,Delhi,99,32.2,45.5,8.3,195.0,2026-09-25T08:48:00Z
2026-09-25,Mumbai,89,28.9,47.7,3.4,93.0,2026-09-25T08:48:00Z
2026-09-25,Bengaluru,29,2.6,3.0,2.7,89.0,2026-09-25T08:48:00Z
2026-09-25,Kolkata,35,8.5,9.9,2.2,68.0,2026-09-25T08:48:00Z
2026-09-25,Chennai,59,15.3,19.2,3.2,141.0,2026-09-25T08:48:00Z
2026-09-25,Hyderabad,84,26.8,32.1,3.1,132.0,2026-09-25T08:48:00Z
2026-09-25,Pune,80,21.2,28.1,2.7,141.0,2026-09-25T08:48:00Z
2026-09-25,Ahmedabad,71,22.6,44.0,1.6,112.0,2026-09-25T08:48:00Z
2026-09-26,Delhi,126,55.2,136.4,18.1,138.0,2026-09-26T08:34:36Z
2026-09-26,Mumbai,77,16.3,23.6,4.1,91.0,2026-09-26T08:34:36Z
2026-09-26,Bengaluru,35,10.7,17.1,2.0,112.0,2026-09-26T08:34:36Z
2026-09-26,Kolkata,52,13.1,15.4,1.9,92.0,2026-09-26T08:34:36Z
2026-09-26,Chennai,63,18.5,21.9,3.1,159.0,2026-09-26T08:34:36Z
2026-09-26,Hyderabad,84,15.9,20.4,2.1,122.0,2026-09-26T08:34:36Z
2026-09-26,Pune,70,14.7,20.5,2.1,116.0,2026-09-26T08:34:36Z
2026-09-26,Ahmedabad,61,12.9,22.9,1.5,104.0,2026-09-26T08:34:36Z
2026-09-27,Delhi,133,37.7,48.2,8.7,164.0,2026-09-27T09:14:02Z
2026-09-27,Mumbai,63,19.3,26.0,4.0,115.0,2026-09-27T09:14:02Z
2026-09-27,Bengaluru,57,11.1,17.8,2.7,135.0,2026-09-27T09:14:02Z
2026-09-27,Kolkata,71,24.3,31.3,3.1,137.0,2026-09-27T09:14:02Z
2026-09-27,Chennai,115,29.3,34.1,2.9,212.0,2026-09-27T09:14:02Z
2026-09-27,Hyderabad,76,20.1,37.7,1.6,125.0,2026-09-27T09:14:02Z
2026-09-27,Pune,55,10.9,18.6,1.5,111.0,2026-09-27T09:14:02Z
2026-09-27,Ahmedabad,52,8.4,13.2,1.7,95.0,2026-09-27T09:14:02Z
2026-09-28,Delhi,88,26.3,32.1,9.3,166.0,2026-09-28T09:43:59Z
2026-09-28,Mumbai,70,28.3,33.4,6.5,201.0,2026-09-28T09:43:59Z
2026-09-28,Bengaluru,91,16.6,19.6,4.2,173.0,2026-09-28T09:43:59Z
2026-09-28,Kolkata,155,45.9,49.5,4.4,210.0,2026-09-28T09:43:59Z
2026-09-28,Chennai,159,44.4,53.2,3.5,214.0,2026-09-28T09:43:59Z
2026-09-28,Hyderabad,80,13.0,23.1,2.4,147.0,2026-09-28T09:43:59Z
2026-09-28,Pune,61,14.7,21.5,2.2,143.0,2026-09-28T09:43:59Z
2026-09-28,Ahmedabad,55,13.0,25.7,2.3,110.0,2026-09-28T09:43:59Z
2026-09-29,Delhi,116,38.5,154.1,6.1,169.0,2026-09-29T09:47:53Z
2026-09-29,Mumbai,69,21.1,29.7,5.4,113.0,2026-09-29T09:47:53Z
2026-09-29,Bengaluru,86,19.8,23.1,5.7,149.0,2026-09-29T09:47:53Z
2026-09-29,Kolkata,171,52.7,59.8,4.7,202.0,2026-09-29T09:47:53Z
2026-09-29,Chennai,149,47.6,56.8,3.6,224.0,2026-09-29T09:47:53Z
2026-09-29,Hyderabad,113,23.1,42.6,2.5,164.0,2026-09-29T09:47:53Z
2026-09-29,Pune,101,22.5,31.3,2.3,145.0,2026-09-29T09:47:53Z
2026-09-29,Ahmedabad,81,17.9,32.9,2.5,128.0,2026-09-29T09:47:53Z
2026-09-30,Delhi,151,62.9,269.2,5.4,177.0,2026-09-30T09:40:43Z
2026-09-30,Mumbai,81,33.8,44.4,7.4,209.0,2026-09-30T09:40:43Z
2026-09-30,Bengaluru,92,18.6,20.6,5.6,165.0,2026-09-30T09:40:43Z
2026-09-30,Kolkata,174,47.0,54.7,4.3,198.0,2026-09-30T09:40:43Z
2026-09-30,Chennai,143,43.1,50.5,3.4,225.0,2026-09-30T09:40:43Z
2026-09-30,Hyderabad,122,38.6,105.9,2.6,172.0,2026-09-30T09:40:43Z
2026-09-30,Pune,108,33.2,51.9,2.9,166.0,2026-09-30T09:40:43Z
2026-09-30,Ahmedabad,87,24.1,55.6,2.5,127.0,2026-09-30T09:40:43Z
2026-10-01,Delhi,173,64.7,247.7,8.7,147.0,2026-10-01T10:06:09Z
2026-10-01,Mumbai,182,44.7,61.0,9.9,203.0,2026-10-01T10:06:09Z
2026-10-01,Bengaluru,107,38.1,56.3,12.3,155.0,2026-10-01T10:06:09Z
2026-10-01,Kolkata,159,53.7,67.8,8.6,145.0,2026-10-01T10:06:09Z
2026-10-01,Chennai,129,33.5,49.1,3.9,156.0,2026-10-01T10:06:09Z
2026-10-01,Hyderabad,136,31.7,57.2,3.6,141.0,2026-10-01T10:06:09Z
2026-10-01,Pune,114,25.1,41.0,3.8,161.0,2026-10-01T10:06:09Z
2026-10-01,Ahmedabad,84,17.7,36.2,2.1,131.0,2026-10-01T10:06:09Z
2026-10-02,Delhi,162,44.7,166.7,4.9,160.0,2026-10-02T09:44:08Z
2026-10-02,Mumbai,210,66.8,79.9,33.8,441.0,2026-10-02T09:44:08Z
2026-10-02,Bengaluru,129,32.0,52.2,4.0,149.0,2026-10-02T09:44:08Z
2026-10-02,Kolkata,169,52.6,66.6,3.0,160.0,2026-10-02T09:44:08Z
2026-10-02,Chennai,76,29.2,51.8,2.2,91.0,2026-10-02T09:44:08Z
2026-10-02,Hyderabad,116,34.6,58.9,2.4,146.0,2026-10-02T09:44:08Z
2026-10-02,Pune,115,24.6,46.7,1.8,142.0,2026-10-02T09:44:08Z
2026-10-02,Ahmedabad,73,12.4,23.1,2.6,137.0,2026-10-02T09:44:08Z
2026-10-03,Delhi,167,54.2,186.3,5.1,170.0,2026-10-03T09:07:30Z
2026-10-03,Mumbai,182,40.2,44.5,24.1,318.0,2026-10-03T09:07:30Z
2026-10-03,Bengaluru,95,22.6,31.1,3.8,141.0,2026-10-03T09:07:30Z
2026-10-03,Kolkata,160,65.0,92.7,3.3,161.0,2026-10-03T09:07:30Z
2026-10-03,Chennai,100,27.0,38.8,2.3,102.0,2026-10-03T09:07:30Z
2026-10-03,Hyderabad,116,36.3,59.5,2.5,153.0,2026-10-03T09:07:30Z
2026-10-03,Pune,101,19.6,30.2,2.1,154.0,2026-10-03T09:07:30Z
2026-10-03,Ahmedabad,68,8.7,12.9,2.2,131.0,2026-10-03T09:07:30Z
2026-10-04,Delhi,174,46.7,163.0,4.9,189.0,2026-10-04T09:45:35Z
2026-10-04,Mumbai,175,45.2,47.0,10.7,264.0,2026-10-04T09:45:35Z
2026-10-04,Bengaluru,74,18.6,21.2,3.0,143.0,2026-10-04T09:45:35Z
2026-10-04,Kolkata,170,61.9,86.4,3.0,169.0,2026-10-04T09:45:35Z
2026-10-04,Chennai,66,18.4,27.8,1.8,80.0,2026-10-04T09:45:35Z
2026-10-04,Hyderabad,119,32.4,51.2,1.8,157.0,2026-10-04T09:45:35Z
2026-10-04,Pune,84,22.6,32.6,1.8,160.0,2026-10-04T09:45:35Z
2026-10-04,Ahmedabad,65,12.7,21.0,2.0,123.0,2026-10-04T09:45:35Z
2026-10-05,Delhi,223,68.7,315.7,8.2,143.0,2026-10-05T10:23:33Z
2026-10-05,Mumbai,129,36.2,48.5,9.5,169.0,2026-10-05T10:23:33Z
2026-10-05,Bengaluru,90,23.2,25.7,14.1,133.0,2026-10-05T10:23:33Z
2026-10-05,Kolkata,163,57.6,77.5,11.5,178.0,2026-10-05T10:23:33Z
2026-10-05,Chennai,64,17.3,23.2,3.3,92.0,2026-10-05T10:23:33Z
2026-10-05,Hyderabad,118,20.3,29.0,3.2,155.0,2026-10-05T10:23:33Z
2026-10-05,Pune,131,32.7,44.6,3.6,165.0,2026-10-05T10:23:33Z
2026-10-05,Ahmedabad,83,20.1,27.8,3.3,127.0,2026-10-05T10:23:33Z
2026-10-06,Delhi,202,80.1,227.7,12.4,283.0,2026-10-06T10:15:06Z
2026-10-06,Mumbai,113,36.0,50.2,8.1,140.0,2026-10-06T10:15:06Z
2026-10-06,Bengaluru,92,20.1,23.5,11.5,138.0,2026-10-06T10:15:06Z
2026-10-06,Kolkata,171,71.2,95.2,10.2,168.0,2026-10-06T10:15:06Z
2026-10-06,Chennai,89,20.1,21.8,4.1,170.0,2026-10-06T10:15:06Z
2026-10-06,Hyderabad,111,24.2,36.8,3.2,132.0,2026-10-06T10:15:06Z
2026-10-06,Pune,147,27.5,36.0,3.2,173.0,2026-10-06T10:15:06Z
2026-10-06,Ahmedabad,93,31.0,40.2,4.4,160.0,2026-10-06T10:15:06Z
2026-10-07,Delhi,162,70.3,236.1,12.0,216.0,2026-10-07T10:13:49Z
2026-10-07,Mumbai,180,64.5,72.9,34.9,258.0,2026-10-07T10:13:49Z
2026-10-07,Bengaluru,91,26.7,32.0,15.5,125.0,2026-10-07T10:13:49Z
2026-10-07,Kolkata,166,62.4,79.4,7.8,181.0,2026-10-07T10:13:49Z
2026-10-07,Chennai,56,12.5,17.9,2.8,70.0,2026-10-07T10:13:49Z
2026-10-07,Hyderabad,112,25.9,35.7,3.6,133.0,2026-10-07T10:13:49Z
2026-10-07,Pune,130,21.6,29.7,6.1,134.0,2026-10-07T10:13:49Z
2026-10-07,Ahmedabad,167,56.3,65.9,6.8,250.0,2026-10-07T10:13:49Z
2026-10-08,Delhi,174,71.0,210.5,9.3,191.0,2026-10-08T10:32:48Z
2026-10-08,Mumbai,251,118.7,124.8,49.7,519.0,2026-10-08T10:32:48Z
2026-10-08,Bengaluru,69,16.6,20.4,13.4,107.0,2026-10-08T10:32:48Z
2026-10-08,Kolkata,170,53.3,67.3,7.0,141.0,2026-10-08T10:32:48Z
2026-10-08,Chennai,57,11.2,16.2,2.8,54.0,2026-10-08T10:32:48Z
2026-10-08,Hyderabad,89,25.3,38.9,3.9,142.0,2026-10-08T10:32:48Z
2026-10-08,Pune,104,24.7,36.2,4.5,139.0,2026-10-08T10:32:48Z
2026-10-08,Ahmedabad,97,16.0,25.3,4.5,148.0,2026-10-08T10:32:48Z
2026-10-09,Delhi,160,54.8,125.3,17.2,167.0,2026-10-09T10:31:08Z
2026-10-09,Mumbai,251,116.9,126.7,51.9,541.0,2026-10-09T10:31:08Z
2026-10-09,Bengaluru,66,16.1,19.1,14.6,111.0,2026-10-09T10:31:08Z
2026-10-09,Kolkata,202,84.5,95.5,9.9,256.0,2026-10-09T10:31:08Z
2026-10-09,Chennai,66,18.2,26.1,2.3,62.0,2026-10-09T10:31:08Z
2026-10-09,Hyderabad,128,25.7,39.7,3.4,132.0,2026-10-09T10:31:08Z
2026-10-09,Pune,100,19.2,30.7,4.1,145.0,2026-10-09T10:31:08Z
2026-10-09,Ahmedabad,78,14.8,24.3,4.7,123.0,2026-10-09T10:31:08Z
2026-10-10,Delhi,159,72.4,304.5,7.4,190.0,2026-10-10T09:48:12Z
2026-10-10,Mumbai,169,42.8,47.3,22.5,290.0,2026-10-10T09:48:12Z
2026-10-10,Bengaluru,75,19.9,28.6,3.7,132.0,2026-10-10T09:48:12Z
2026-10-10,Kolkata,188,51.7,55.2,4.5,204.0,2026-10-10T09:48:12Z
2026-10-10,Chennai,66,17.7,26.7,1.6,77.0,2026-10-10T09:48:12Z
2026-10-10,Hyderabad,101,20.2,27.6,1.9,139.0,2026-10-10T09:48:12Z
2026-10-10,Pune,111,23.0,32.6,2.0,152.0,2026-10-10T09:48:12Z
2026-10-10,Ahmedabad,65,12.8,17.3,2.4,126.0,2026-10-10T09:48:12Z
