date,city,issued,us_aqi_mean,us_aqi_max,pm2_5_mean,pm10_mean,fetched_at_utc
2026-09-25,Delhi,2026-09-24,108.8,137,25.1,48.1,2026-09-24T06:51:41Z
2026-09-25,Mumbai,2026-09-24,84.3,93,25.8,41.4,2026-09-24T06:51:41Z
2026-09-25,Bengaluru,2026-09-24,34.0,43,3.5,3.7,2026-09-24T06:51:41Z
2026-09-25,Kolkata,2026-09-24,35.6,41,7.6,8.8,2026-09-24T06:51:41Z
2026-09-25,Chennai,2026-09-24,65.9,85,13.9,17.3,2026-09-24T06:51:41Z
2026-09-25,Hyderabad,2026-09-24,77.0,83,19.3,21.7,2026-09-24T06:51:41Z
2026-09-25,Pune,2026-09-24,74.2,87,16.4,21.8,2026-09-24T06:51:41Z
2026-09-25,Ahmedabad,2026-09-24,70.1,71,19.9,32.5,2026-09-24T06:51:41Z
2026-09-26,Delhi,2026-09-25,98.5,103,31.4,51.8,2026-09-25T08:48:00Z
2026-09-26,Mumbai,2026-09-25,77.8,87,17.8,26.0,2026-09-25T08:48:00Z
2026-09-26,Bengaluru,2026-09-25,32.8,46,7.4,9.5,2026-09-25T08:48:00Z
2026-09-26,Kolkata,2026-09-25,46.4,57,13.1,15.5,2026-09-25T08:48:00Z
2026-09-26,Chennai,2026-09-25,77.1,125,15.4,18.4,2026-09-25T08:48:00Z
2026-09-26,Hyderabad,2026-09-25,73.7,82,18.1,22.5,2026-09-25T08:48:00Z
2026-09-26,Pune,2026-09-25,67.2,71,13.7,18.5,2026-09-25T08:48:00Z
2026-09-26,Ahmedabad,2026-09-25,63.1,70,12.6,19.2,2026-09-25T08:48:00Z
2026-09-27,Delhi,2026-09-26,174.7,221,65.3,106.2,2026-09-26T08:34:36Z
2026-09-27,Mumbai,2026-09-26,62.8,66,15.9,21.8,2026-09-26T08:34:36Z
2026-09-27,Bengaluru,2026-09-26,57.1,77,20.7,25.7,2026-09-26T08:34:36Z
2026-09-27,Kolkata,2026-09-26,71.7,92,33.2,37.6,2026-09-26T08:34:36Z
2026-09-27,Chennai,2026-09-26,99.2,165,20.3,24.8,2026-09-26T08:34:36Z
2026-09-27,Hyderabad,2026-09-26,67.9,80,17.8,22.9,2026-09-26T08:34:36Z
2026-09-27,Pune,2026-09-26,55.2,62,9.5,13.0,2026-09-26T08:34:36Z
2026-09-27,Ahmedabad,2026-09-26,54.1,56,10.4,13.7,2026-09-26T08:34:36Z
2026-09-28,Delhi,2026-09-27,124.0,200,55.7,67.1,2026-09-27T09:14:02Z
2026-09-28,Mumbai,2026-09-27,82.1,149,21.0,26.3,2026-09-27T09:14:02Z
2026-09-28,Bengaluru,2026-09-27,95.0,129,30.5,35.4,2026-09-27T09:14:02Z
2026-09-28,Kolkata,2026-09-27,130.8,203,66.3,68.8,2026-09-27T09:14:02Z
2026-09-28,Chennai,2026-09-27,115.1,170,26.9,33.0,2026-09-27T09:14:02Z
2026-09-28,Hyderabad,2026-09-27,89.7,100,30.6,45.1,2026-09-27T09:14:02Z
2026-09-28,Pune,2026-09-27,61.0,82,19.4,23.3,2026-09-27T09:14:02Z
2026-09-28,Ahmedabad,2026-09-27,56.0,67,20.1,28.9,2026-09-27T09:14:02Z
2026-09-29,Delhi,2026-09-28,137.9,166,56.0,65.4,2026-09-28T09:43:59Z
2026-09-29,Mumbai,2026-09-28,65.5,68,17.9,24.3,2026-09-28T09:43:59Z
2026-09-29,Bengaluru,2026-09-28,76.1,113,17.3,19.0,2026-09-28T09:43:59Z
2026-09-29,Kolkata,2026-09-28,167.8,179,84.6,90.5,2026-09-28T09:43:59Z
2026-09-29,Chennai,2026-09-28,129.1,197,32.3,38.9,2026-09-28T09:43:59Z
2026-09-29,Hyderabad,2026-09-28,89.5,126,28.6,41.3,2026-09-28T09:43:59Z
2026-09-29,Pune,2026-09-28,92.4,100,34.3,36.7,2026-09-28T09:43:59Z
2026-09-29,Ahmedabad,2026-09-28,88.5,99,34.9,56.3,2026-09-28T09:43:59Z
2026-09-30,Delhi,2026-09-29,157.6,163,74.1,227.9,2026-09-29T09:47:53Z
2026-09-30,Mumbai,2026-09-29,91.2,146,29.6,37.3,2026-09-29T09:47:53Z
2026-09-30,Bengaluru,2026-09-29,83.8,117,22.8,23.9,2026-09-29T09:47:53Z
2026-09-30,Kolkata,2026-09-29,176.0,180,86.7,93.6,2026-09-29T09:47:53Z
2026-09-30,Chennai,2026-09-29,118.7,168,28.5,34.7,2026-09-29T09:47:53Z
2026-09-30,Hyderabad,2026-09-29,120.6,153,49.0,98.6,2026-09-29T09:47:53Z
2026-09-30,Pune,2026-09-29,96.3,121,28.2,34.0,2026-09-29T09:47:53Z
2026-09-30,Ahmedabad,2026-09-29,87.1,88,29.1,43.2,2026-09-29T09:47:53Z
2026-10-01,Delhi,2026-09-30,168.9,172,84.9,275.6,2026-09-30T09:40:43Z
2026-10-01,Mumbai,2026-09-30,140.2,222,48.5,56.6,2026-09-30T09:40:43Z
2026-10-01,Bengaluru,2026-09-30,92.2,133,31.7,39.1,2026-09-30T09:40:43Z
2026-10-01,Kolkata,2026-09-30,167.4,173,72.4,80.3,2026-09-30T09:40:43Z
2026-10-01,Chennai,2026-09-30,119.8,170,35.9,44.6,2026-09-30T09:40:43Z
2026-10-01,Hyderabad,2026-09-30,133.4,147,44.8,83.2,2026-09-30T09:40:43Z
2026-10-01,Pune,2026-09-30,114.0,142,36.9,47.5,2026-09-30T09:40:43Z
2026-10-01,Ahmedabad,2026-09-30,83.5,89,22.2,31.7,2026-09-30T09:40:43Z
2026-10-02,Delhi,2026-10-01,163.2,168,70.5,232.0,2026-10-01T10:06:09Z
2026-10-02,Mumbai,2026-10-01,193.5,262,58.2,70.3,2026-10-01T10:06:09Z
2026-10-02,Bengaluru,2026-10-01,130.9,142,42.9,58.9,2026-10-01T10:06:09Z
2026-10-02,Kolkata,2026-10-01,155.6,157,59.2,69.5,2026-10-01T10:06:09Z
2026-10-02,Chennai,2026-10-01,84.5,93,24.0,40.4,2026-10-01T10:06:09Z
2026-10-02,Hyderabad,2026-10-01,115.7,129,39.3,60.6,2026-10-01T10:06:09Z
2026-10-02,Pune,2026-10-01,118.2,121,40.7,52.7,2026-10-01T10:06:09Z
2026-10-02,Ahmedabad,2026-10-01,85.5,87,27.7,39.6,2026-10-01T10:06:09Z
2026-10-03,Delhi,2026-10-02,159.7,163,75.1,241.3,2026-10-02T09:44:08Z
2026-10-03,Mumbai,2026-10-02,172.6,234,39.3,45.6,2026-10-02T09:44:08Z
2026-10-03,Bengaluru,2026-10-02,104.2,111,35.8,47.4,2026-10-02T09:44:08Z
2026-10-03,Kolkata,2026-10-02,151.9,160,56.9,69.3,2026-10-02T09:44:08Z
2026-10-03,Chennai,2026-10-02,95.4,99,32.1,47.6,2026-10-02T09:44:08Z
2026-10-03,Hyderabad,2026-10-02,116.7,119,41.7,59.7,2026-10-02T09:44:08Z
2026-10-03,Pune,2026-10-02,103.0,115,30.1,39.7,2026-10-02T09:44:08Z
2026-10-03,Ahmedabad,2026-10-02,75.3,83,23.5,29.7,2026-10-02T09:44:08Z
2026-10-04,Delhi,2026-10-03,169.4,174,90.2,295.3,2026-10-03T09:07:30Z
2026-10-04,Mumbai,2026-10-03,150.6,213,33.4,36.2,2026-10-03T09:07:30Z
2026-10-04,Bengaluru,2026-10-03,95.5,129,29.6,34.6,2026-10-03T09:07:30Z
2026-10-04,Kolkata,2026-10-03,158.3,164,78.8,95.2,2026-10-03T09:07:30Z
2026-10-04,Chennai,2026-10-03,75.1,91,16.3,24.0,2026-10-03T09:07:30Z
2026-10-04,Hyderabad,2026-10-03,118.8,135,38.0,53.5,2026-10-03T09:07:30Z
2026-10-04,Pune,2026-10-03,104.7,155,27.4,29.2,2026-10-03T09:07:30Z
2026-10-04,Ahmedabad,2026-10-03,71.0,72,19.8,27.5,2026-10-03T09:07:30Z
2026-10-05,Delhi,2026-10-04,176.8,187,96.9,324.9,2026-10-04T09:45:35Z
2026-10-05,Mumbai,2026-10-04,108.5,139,33.8,43.6,2026-10-04T09:45:35Z
2026-10-05,Bengaluru,2026-10-04,94.9,108,34.6,35.9,2026-10-04T09:45:35Z
2026-10-05,Kolkata,2026-10-04,168.6,171,84.3,101.1,2026-10-04T09:45:35Z
2026-10-05,Chennai,2026-10-04,66.6,68,18.8,25.7,2026-10-04T09:45:35Z
2026-10-05,Hyderabad,2026-10-04,108.3,139,33.4,43.7,2026-10-04T09:45:35Z
2026-10-05,Pune,2026-10-04,113.2,156,40.8,43.8,2026-10-04T09:45:35Z
2026-10-05,Ahmedabad,2026-10-04,78.1,84,27.5,33.5,2026-10-04T09:45:35Z
