time_ist,city,from_category,to_category,us_aqi,pm2_5,pm10,fetched_at_utc
2026-09-24T12:30,Delhi,,Unhealthy,157,44.2,61.7,2026-09-24T07:42:34Z
2026-09-24T12:30,Mumbai,,Unhealthy for Sensitive Groups,104,30.4,50.5,2026-09-24T07:42:34Z
2026-09-24T12:30,Bengaluru,,Moderate,54,5.6,7.9,2026-09-24T07:42:34Z
2026-09-24T12:30,Kolkata,,Good,31,5.4,7.1,2026-09-24T07:42:34Z
2026-09-24T12:30,Chennai,,Moderate,58,15.1,19.1,2026-09-24T07:42:34Z
2026-09-24T12:30,Hyderabad,,Moderate,80,23.5,23.9,2026-09-24T07:42:34Z
2026-09-24T12:30,Pune,,Moderate,91,26.3,30.4,2026-09-24T07:42:34Z
2026-09-24T12:30,Ahmedabad,,Moderate,76,19.7,34.7,2026-09-24T07:42:34Z
2026-09-24T19:30,Pune,Moderate,Unhealthy for Sensitive Groups,124,22.4,25.1,2026-09-24T14:27:54Z
2026-09-25T00:30,Delhi,Unhealthy,Unhealthy for Sensitive Groups,140,32.9,65.0,2026-09-24T19:30:38Z
2026-09-25T00:30,Pune,Unhealthy for Sensitive Groups,Moderate,79,19.0,25.8,2026-09-24T19:30:38Z
2026-09-25T05:30,Bengaluru,Moderate,Good,40,2.5,2.8,2026-09-25T00:01:24Z
2026-09-25T10:30,Mumbai,Unhealthy for Sensitive Groups,Moderate,90,30.7,51.9,2026-09-25T05:25:48Z
2026-09-25T22:30,Delhi,Unhealthy for Sensitive Groups,Moderate,88,39.5,122.5,2026-09-25T17:33:32Z
2026-09-26T10:30,Delhi,Moderate,Unhealthy for Sensitive Groups,118,44.9,135.5,2026-09-26T05:31:31Z
2026-09-27T02:30,Kolkata,Good,Moderate,62,18.4,21.9,2026-09-26T21:36:03Z
2026-09-27T17:30,Bengaluru,Good,Moderate,70,15.4,20.3,2026-09-27T12:29:03Z
2026-09-27T17:30,Chennai,Moderate,Unhealthy,166,27.5,31.9,2026-09-27T12:29:03Z
2026-09-27T22:30,Delhi,Unhealthy for Sensitive Groups,Moderate,86,32.7,34.6,2026-09-27T17:18:25Z
2026-09-28T02:30,Chennai,Unhealthy,Unhealthy for Sensitive Groups,103,30.5,38.4,2026-09-27T21:38:39Z
2026-09-28T10:30,Kolkata,Moderate,Unhealthy for Sensitive Groups,126,46.4,49.0,2026-09-28T05:54:30Z
2026-09-28T19:30,Delhi,Moderate,Unhealthy for Sensitive Groups,117,42.0,48.8,2026-09-28T14:30:43Z
2026-09-28T19:30,Chennai,Unhealthy for Sensitive Groups,Unhealthy,175,27.5,34.6,2026-09-28T14:30:43Z
2026-09-29T02:30,Kolkata,Unhealthy for Sensitive Groups,Unhealthy,161,126.7,133.6,2026-09-28T21:23:33Z
2026-09-29T02:30,Chennai,Unhealthy,Moderate,97,26.7,32.7,2026-09-28T21:23:33Z
2026-09-29T15:30,Chennai,Moderate,Unhealthy,160,42.4,49.2,2026-09-29T10:09:03Z
2026-09-29T15:30,Hyderabad,Moderate,Unhealthy for Sensitive Groups,129,22.6,39.7,2026-09-29T10:09:03Z
2026-09-29T23:30,Chennai,Unhealthy,Unhealthy for Sensitive Groups,140,22.9,29.4,2026-09-29T18:16:54Z
